{"num_query": 3, "lf_num": 10, "lf_acc_avg": 0.6778303170424708, "lf_cov_avg": 0.050124999999999996, "response_acc": 1.0, "train_precision": 0.6347793845012978, "train_coverage": 0.40455, "test_acc": null, "test_f1": null, "test_auc": null, "_timestamp": 1704853794.1692622, "_runtime": 96.46120715141296, "_step": 2, "response_freq": 1.0, "lf_overlap_avg": 0.018285000000000003, "lf_conflict_avg": 0.0, "_wandb": {"runtime": 95}}