{"num_query": 3, "lf_num": 6, "lf_acc_avg": 0.6593863480501624, "lf_cov_avg": 0.06168333333333333, "response_acc": 1.0, "train_precision": 0.6504731861198738, "train_coverage": 0.317, "test_acc": null, "test_f1": null, "test_auc": null, "_timestamp": 1704853691.4821491, "_runtime": 95.70325517654419, "_step": 2, "response_freq": 1.0, "lf_overlap_avg": 0.01699166666666667, "lf_conflict_avg": 0.0, "_wandb": {"runtime": 95}}