{"num_query": 3, "lf_num": 6, "lf_acc_avg": 0.813989907835356, "lf_cov_avg": 0.0399, "response_acc": 1.0, "train_precision": 0.7877325982081324, "train_coverage": 0.21765, "test_acc": 0.7456, "test_f1": 0.7462090981644054, "test_auc": 0.82465856, "_timestamp": 1704854224.711731, "_runtime": 116.57675004005432, "_step": 2, "response_freq": 1.0, "lf_overlap_avg": 0.0070750000000000006, "lf_conflict_avg": 0.003275, "_wandb": {"runtime": 115}}