{"num_query": 3, "lf_num": 11, "lf_acc_avg": 0.7464370603092104, "lf_cov_avg": 0.05361363636363637, "response_acc": 1.0, "train_precision": 0.7899583424687568, "train_coverage": 0.4561, "test_acc": 0.7656, "test_f1": 0.7773556231003039, "test_auc": 0.8496659200000001, "_timestamp": 1704853933.2888472, "_runtime": 134.00091814994812, "_step": 2, "response_freq": 1.0, "lf_overlap_avg": 0.0224, "lf_conflict_avg": 0.010381818181818181, "_wandb": {"runtime": 132}}