{"num_query": 3, "lf_num": 6, "lf_acc_avg": 0.7582596280742959, "lf_cov_avg": 0.10363333333333336, "response_acc": 1.0, "train_precision": 0.7552476054615855, "train_coverage": 0.4907, "test_acc": 0.7572, "test_f1": 0.7535525781567193, "test_auc": 0.83612672, "_timestamp": 1704854101.5946932, "_runtime": 160.45589208602905, "_step": 2, "response_freq": 1.0, "lf_overlap_avg": 0.040916666666666664, "lf_conflict_avg": 0.0237, "_wandb": {"runtime": 159}}